{
	"partitions" : [
		{
			"name" : "Top",
			"pins" : [
				{
					"name" : "q[3]",
					"strict" : false
				},
				{
					"name" : "q[2]",
					"strict" : false
				},
				{
					"name" : "q[1]",
					"strict" : false
				},
				{
					"name" : "q[0]",
					"strict" : false
				},
				{
					"name" : "we",
					"strict" : false
				},
				{
					"name" : "clk",
					"strict" : false
				},
				{
					"name" : "data[3]",
					"strict" : false
				},
				{
					"name" : "write_address[0]",
					"strict" : false
				},
				{
					"name" : "write_address[1]",
					"strict" : false
				},
				{
					"name" : "write_address[2]",
					"strict" : false
				},
				{
					"name" : "write_address[3]",
					"strict" : false
				},
				{
					"name" : "write_address[4]",
					"strict" : false
				},
				{
					"name" : "write_address[5]",
					"strict" : false
				},
				{
					"name" : "write_address[6]",
					"strict" : false
				},
				{
					"name" : "write_address[7]",
					"strict" : false
				},
				{
					"name" : "write_address[8]",
					"strict" : false
				},
				{
					"name" : "write_address[9]",
					"strict" : false
				},
				{
					"name" : "data[2]",
					"strict" : false
				},
				{
					"name" : "data[1]",
					"strict" : false
				},
				{
					"name" : "data[0]",
					"strict" : false
				},
				{
					"name" : "read_address[0]",
					"strict" : false
				},
				{
					"name" : "read_address[1]",
					"strict" : false
				},
				{
					"name" : "read_address[2]",
					"strict" : false
				},
				{
					"name" : "read_address[3]",
					"strict" : false
				},
				{
					"name" : "read_address[4]",
					"strict" : false
				},
				{
					"name" : "read_address[5]",
					"strict" : false
				},
				{
					"name" : "read_address[6]",
					"strict" : false
				},
				{
					"name" : "read_address[7]",
					"strict" : false
				},
				{
					"name" : "read_address[8]",
					"strict" : false
				},
				{
					"name" : "read_address[9]",
					"strict" : false
				}
			]
		}
	]
}