{
	"partitions" : [
		{
			"name" : "Top",
			"pins" : [
				{
					"name" : "output",
					"strict" : false
				},
				{
					"name" : "s.A",
					"strict" : false
				},
				{
					"name" : "s.B",
					"strict" : false
				},
				{
					"name" : "s.C",
					"strict" : false
				},
				{
					"name" : "s.D",
					"strict" : false
				},
				{
					"name" : "s.E",
					"strict" : false
				},
				{
					"name" : "s.F",
					"strict" : false
				},
				{
					"name" : "s.G",
					"strict" : false
				},
				{
					"name" : "s.H",
					"strict" : false
				},
				{
					"name" : "s.I",
					"strict" : false
				},
				{
					"name" : "testeClk",
					"strict" : false
				},
				{
					"name" : "rst",
					"strict" : false
				},
				{
					"name" : "input",
					"strict" : false
				},
				{
					"name" : "clk",
					"strict" : false
				}
			]
		}
	]
}